fds_dimension,fixated_class,mean_value
A,carpet,-0.007784097406968717
A,painting,0.02149639993016063
A,potted_plant,-0.010362021886038738
A,sofa,0.11123919649356177
A,table,0.005718169260947731
B,carpet,0.029268024796870122
B,painting,-0.008657440037446883
B,potted_plant,0.026831547523680152
B,sofa,0.03163579029825574
B,table,0.09358359809420029
C,carpet,0.12848479134915747
C,painting,-0.020365956751774834
C,potted_plant,0.017089780322192424
C,sofa,-0.008766828336032675
C,table,0.05289325732827933
D,carpet,-0.01542424530336015
D,painting,-0.00809192254297909
D,potted_plant,0.1558202950965937
D,sofa,-0.02328150050840537
D,table,-0.01080826621188411
E,carpet,-0.01303806439538409
E,painting,0.1935730799578635
E,potted_plant,-0.02488919805021085
E,sofa,0.0007974847516886116
E,table,-0.0388064187164381
